{
  "AWSTemplateFormatVersion": "2010-09-09",
  "Description": "The AWS CloudFormation template for this Serverless application",
  "Resources": {
    "PingLogGroup": {
      "Type": "AWS::Logs::LogGroup",
      "Properties": {
        "LogGroupName": "/aws/lambda/quiztopia-api-dev-ping"
      }
    },
    "AuthRegisterLogGroup": {
      "Type": "AWS::Logs::LogGroup",
      "Properties": {
        "LogGroupName": "/aws/lambda/quiztopia-api-dev-authRegister"
      }
    },
    "AuthLoginLogGroup": {
      "Type": "AWS::Logs::LogGroup",
      "Properties": {
        "LogGroupName": "/aws/lambda/quiztopia-api-dev-authLogin"
      }
    },
    "GetQuizzesLogGroup": {
      "Type": "AWS::Logs::LogGroup",
      "Properties": {
        "LogGroupName": "/aws/lambda/quiztopia-api-dev-getQuizzes"
      }
    },
    "GetQuizByIdLogGroup": {
      "Type": "AWS::Logs::LogGroup",
      "Properties": {
        "LogGroupName": "/aws/lambda/quiztopia-api-dev-getQuizById"
      }
    },
    "CreateQuizLogGroup": {
      "Type": "AWS::Logs::LogGroup",
      "Properties": {
        "LogGroupName": "/aws/lambda/quiztopia-api-dev-createQuiz"
      }
    },
    "DeleteQuizLogGroup": {
      "Type": "AWS::Logs::LogGroup",
      "Properties": {
        "LogGroupName": "/aws/lambda/quiztopia-api-dev-deleteQuiz"
      }
    },
    "AddQuestionLogGroup": {
      "Type": "AWS::Logs::LogGroup",
      "Properties": {
        "LogGroupName": "/aws/lambda/quiztopia-api-dev-addQuestion"
      }
    },
    "SubmitScoreLogGroup": {
      "Type": "AWS::Logs::LogGroup",
      "Properties": {
        "LogGroupName": "/aws/lambda/quiztopia-api-dev-submitScore"
      }
    },
    "GetLeaderboardLogGroup": {
      "Type": "AWS::Logs::LogGroup",
      "Properties": {
        "LogGroupName": "/aws/lambda/quiztopia-api-dev-getLeaderboard"
      }
    },
    "IamRoleLambdaExecution": {
      "Type": "AWS::IAM::Role",
      "Properties": {
        "AssumeRolePolicyDocument": {
          "Version": "2012-10-17",
          "Statement": [
            {
              "Effect": "Allow",
              "Principal": {
                "Service": [
                  "lambda.amazonaws.com"
                ]
              },
              "Action": [
                "sts:AssumeRole"
              ]
            }
          ]
        },
        "Policies": [
          {
            "PolicyName": {
              "Fn::Join": [
                "-",
                [
                  "quiztopia-api",
                  "dev",
                  "lambda"
                ]
              ]
            },
            "PolicyDocument": {
              "Version": "2012-10-17",
              "Statement": [
                {
                  "Effect": "Allow",
                  "Action": [
                    "logs:CreateLogStream",
                    "logs:CreateLogGroup",
                    "logs:TagResource"
                  ],
                  "Resource": [
                    {
                      "Fn::Sub": "arn:${AWS::Partition}:logs:${AWS::Region}:${AWS::AccountId}:log-group:/aws/lambda/quiztopia-api-dev*:*"
                    }
                  ]
                },
                {
                  "Effect": "Allow",
                  "Action": [
                    "logs:PutLogEvents"
                  ],
                  "Resource": [
                    {
                      "Fn::Sub": "arn:${AWS::Partition}:logs:${AWS::Region}:${AWS::AccountId}:log-group:/aws/lambda/quiztopia-api-dev*:*:*"
                    }
                  ]
                },
                {
                  "Effect": "Allow",
                  "Action": [
                    "dynamodb:PutItem",
                    "dynamodb:GetItem",
                    "dynamodb:UpdateItem",
                    "dynamodb:DeleteItem",
                    "dynamodb:BatchWriteItem",
                    "dynamodb:Query"
                  ],
                  "Resource": [
                    "arn:aws:dynamodb:eu-north-1:190164553494:table/quiztopia-dev",
                    "arn:aws:dynamodb:eu-north-1:190164553494:table/quiztopia-dev/index/*"
                  ]
                },
                {
                  "Effect": "Allow",
                  "Action": [
                    "logs:CreateLogGroup",
                    "logs:CreateLogStream",
                    "logs:PutLogEvents"
                  ],
                  "Resource": "*"
                }
              ]
            }
          }
        ],
        "Path": "/",
        "RoleName": {
          "Fn::Join": [
            "-",
            [
              "quiztopia-api",
              "dev",
              {
                "Ref": "AWS::Region"
              },
              "lambdaRole"
            ]
          ]
        }
      }
    },
    "PingLambdaFunction": {
      "Type": "AWS::Lambda::Function",
      "Properties": {
        "Code": {
          "S3Bucket": "serverless-framework-deployments-eu-north-1-ced01ca5-9b3f",
          "S3Key": "serverless/quiztopia-api/dev/1759400671843-2025-10-02T10:24:31.843Z/quiztopia-api-ping.zip"
        },
        "Handler": "src/functions/ping.handler",
        "Runtime": "nodejs20.x",
        "FunctionName": "quiztopia-api-dev-ping",
        "MemorySize": 1024,
        "Timeout": 6,
        "Environment": {
          "Variables": {
            "TABLE_NAME": "quiztopia-dev",
            "JWT_SECRET": "1a5cd7cb-2e4d-4ef3-ac6c-a9a6e5184a446c73247c-b615-47e9-936b-0d5a00491870",
            "NODE_OPTIONS": "--enable-source-maps"
          }
        },
        "Role": {
          "Fn::GetAtt": [
            "IamRoleLambdaExecution",
            "Arn"
          ]
        }
      },
      "DependsOn": [
        "PingLogGroup"
      ]
    },
    "AuthRegisterLambdaFunction": {
      "Type": "AWS::Lambda::Function",
      "Properties": {
        "Code": {
          "S3Bucket": "serverless-framework-deployments-eu-north-1-ced01ca5-9b3f",
          "S3Key": "serverless/quiztopia-api/dev/1759400671843-2025-10-02T10:24:31.843Z/quiztopia-api-authRegister.zip"
        },
        "Handler": "src/functions/auth/register.handler",
        "Runtime": "nodejs20.x",
        "FunctionName": "quiztopia-api-dev-authRegister",
        "MemorySize": 1024,
        "Timeout": 6,
        "Environment": {
          "Variables": {
            "TABLE_NAME": "quiztopia-dev",
            "JWT_SECRET": "1a5cd7cb-2e4d-4ef3-ac6c-a9a6e5184a446c73247c-b615-47e9-936b-0d5a00491870",
            "NODE_OPTIONS": "--enable-source-maps"
          }
        },
        "Role": {
          "Fn::GetAtt": [
            "IamRoleLambdaExecution",
            "Arn"
          ]
        }
      },
      "DependsOn": [
        "AuthRegisterLogGroup"
      ]
    },
    "AuthLoginLambdaFunction": {
      "Type": "AWS::Lambda::Function",
      "Properties": {
        "Code": {
          "S3Bucket": "serverless-framework-deployments-eu-north-1-ced01ca5-9b3f",
          "S3Key": "serverless/quiztopia-api/dev/1759400671843-2025-10-02T10:24:31.843Z/quiztopia-api-authLogin.zip"
        },
        "Handler": "src/functions/auth/login.handler",
        "Runtime": "nodejs20.x",
        "FunctionName": "quiztopia-api-dev-authLogin",
        "MemorySize": 1024,
        "Timeout": 6,
        "Environment": {
          "Variables": {
            "TABLE_NAME": "quiztopia-dev",
            "JWT_SECRET": "1a5cd7cb-2e4d-4ef3-ac6c-a9a6e5184a446c73247c-b615-47e9-936b-0d5a00491870",
            "NODE_OPTIONS": "--enable-source-maps"
          }
        },
        "Role": {
          "Fn::GetAtt": [
            "IamRoleLambdaExecution",
            "Arn"
          ]
        }
      },
      "DependsOn": [
        "AuthLoginLogGroup"
      ]
    },
    "GetQuizzesLambdaFunction": {
      "Type": "AWS::Lambda::Function",
      "Properties": {
        "Code": {
          "S3Bucket": "serverless-framework-deployments-eu-north-1-ced01ca5-9b3f",
          "S3Key": "serverless/quiztopia-api/dev/1759400671843-2025-10-02T10:24:31.843Z/quiztopia-api-getQuizzes.zip"
        },
        "Handler": "src/functions/quizzes/list.handler",
        "Runtime": "nodejs20.x",
        "FunctionName": "quiztopia-api-dev-getQuizzes",
        "MemorySize": 1024,
        "Timeout": 6,
        "Environment": {
          "Variables": {
            "TABLE_NAME": "quiztopia-dev",
            "JWT_SECRET": "1a5cd7cb-2e4d-4ef3-ac6c-a9a6e5184a446c73247c-b615-47e9-936b-0d5a00491870",
            "NODE_OPTIONS": "--enable-source-maps"
          }
        },
        "Role": {
          "Fn::GetAtt": [
            "IamRoleLambdaExecution",
            "Arn"
          ]
        }
      },
      "DependsOn": [
        "GetQuizzesLogGroup"
      ]
    },
    "GetQuizByIdLambdaFunction": {
      "Type": "AWS::Lambda::Function",
      "Properties": {
        "Code": {
          "S3Bucket": "serverless-framework-deployments-eu-north-1-ced01ca5-9b3f",
          "S3Key": "serverless/quiztopia-api/dev/1759400671843-2025-10-02T10:24:31.843Z/quiztopia-api-getQuizById.zip"
        },
        "Handler": "src/functions/quizzes/get.handler",
        "Runtime": "nodejs20.x",
        "FunctionName": "quiztopia-api-dev-getQuizById",
        "MemorySize": 1024,
        "Timeout": 6,
        "Environment": {
          "Variables": {
            "TABLE_NAME": "quiztopia-dev",
            "JWT_SECRET": "1a5cd7cb-2e4d-4ef3-ac6c-a9a6e5184a446c73247c-b615-47e9-936b-0d5a00491870",
            "NODE_OPTIONS": "--enable-source-maps"
          }
        },
        "Role": {
          "Fn::GetAtt": [
            "IamRoleLambdaExecution",
            "Arn"
          ]
        }
      },
      "DependsOn": [
        "GetQuizByIdLogGroup"
      ]
    },
    "CreateQuizLambdaFunction": {
      "Type": "AWS::Lambda::Function",
      "Properties": {
        "Code": {
          "S3Bucket": "serverless-framework-deployments-eu-north-1-ced01ca5-9b3f",
          "S3Key": "serverless/quiztopia-api/dev/1759400671843-2025-10-02T10:24:31.843Z/quiztopia-api-createQuiz.zip"
        },
        "Handler": "src/functions/quizzes/create.handler",
        "Runtime": "nodejs20.x",
        "FunctionName": "quiztopia-api-dev-createQuiz",
        "MemorySize": 1024,
        "Timeout": 6,
        "Environment": {
          "Variables": {
            "TABLE_NAME": "quiztopia-dev",
            "JWT_SECRET": "1a5cd7cb-2e4d-4ef3-ac6c-a9a6e5184a446c73247c-b615-47e9-936b-0d5a00491870",
            "NODE_OPTIONS": "--enable-source-maps"
          }
        },
        "Role": {
          "Fn::GetAtt": [
            "IamRoleLambdaExecution",
            "Arn"
          ]
        }
      },
      "DependsOn": [
        "CreateQuizLogGroup"
      ]
    },
    "DeleteQuizLambdaFunction": {
      "Type": "AWS::Lambda::Function",
      "Properties": {
        "Code": {
          "S3Bucket": "serverless-framework-deployments-eu-north-1-ced01ca5-9b3f",
          "S3Key": "serverless/quiztopia-api/dev/1759400671843-2025-10-02T10:24:31.843Z/quiztopia-api-deleteQuiz.zip"
        },
        "Handler": "src/functions/quizzes/delete.handler",
        "Runtime": "nodejs20.x",
        "FunctionName": "quiztopia-api-dev-deleteQuiz",
        "MemorySize": 1024,
        "Timeout": 6,
        "Environment": {
          "Variables": {
            "TABLE_NAME": "quiztopia-dev",
            "JWT_SECRET": "1a5cd7cb-2e4d-4ef3-ac6c-a9a6e5184a446c73247c-b615-47e9-936b-0d5a00491870",
            "NODE_OPTIONS": "--enable-source-maps"
          }
        },
        "Role": {
          "Fn::GetAtt": [
            "IamRoleLambdaExecution",
            "Arn"
          ]
        }
      },
      "DependsOn": [
        "DeleteQuizLogGroup"
      ]
    },
    "AddQuestionLambdaFunction": {
      "Type": "AWS::Lambda::Function",
      "Properties": {
        "Code": {
          "S3Bucket": "serverless-framework-deployments-eu-north-1-ced01ca5-9b3f",
          "S3Key": "serverless/quiztopia-api/dev/1759400671843-2025-10-02T10:24:31.843Z/quiztopia-api-addQuestion.zip"
        },
        "Handler": "src/functions/questions/create.handler",
        "Runtime": "nodejs20.x",
        "FunctionName": "quiztopia-api-dev-addQuestion",
        "MemorySize": 1024,
        "Timeout": 6,
        "Environment": {
          "Variables": {
            "TABLE_NAME": "quiztopia-dev",
            "JWT_SECRET": "1a5cd7cb-2e4d-4ef3-ac6c-a9a6e5184a446c73247c-b615-47e9-936b-0d5a00491870",
            "NODE_OPTIONS": "--enable-source-maps"
          }
        },
        "Role": {
          "Fn::GetAtt": [
            "IamRoleLambdaExecution",
            "Arn"
          ]
        }
      },
      "DependsOn": [
        "AddQuestionLogGroup"
      ]
    },
    "SubmitScoreLambdaFunction": {
      "Type": "AWS::Lambda::Function",
      "Properties": {
        "Code": {
          "S3Bucket": "serverless-framework-deployments-eu-north-1-ced01ca5-9b3f",
          "S3Key": "serverless/quiztopia-api/dev/1759400671843-2025-10-02T10:24:31.843Z/quiztopia-api-submitScore.zip"
        },
        "Handler": "src/functions/scores/submit.handler",
        "Runtime": "nodejs20.x",
        "FunctionName": "quiztopia-api-dev-submitScore",
        "MemorySize": 1024,
        "Timeout": 6,
        "Environment": {
          "Variables": {
            "TABLE_NAME": "quiztopia-dev",
            "JWT_SECRET": "1a5cd7cb-2e4d-4ef3-ac6c-a9a6e5184a446c73247c-b615-47e9-936b-0d5a00491870",
            "NODE_OPTIONS": "--enable-source-maps"
          }
        },
        "Role": {
          "Fn::GetAtt": [
            "IamRoleLambdaExecution",
            "Arn"
          ]
        }
      },
      "DependsOn": [
        "SubmitScoreLogGroup"
      ]
    },
    "GetLeaderboardLambdaFunction": {
      "Type": "AWS::Lambda::Function",
      "Properties": {
        "Code": {
          "S3Bucket": "serverless-framework-deployments-eu-north-1-ced01ca5-9b3f",
          "S3Key": "serverless/quiztopia-api/dev/1759400671843-2025-10-02T10:24:31.843Z/quiztopia-api-getLeaderboard.zip"
        },
        "Handler": "src/functions/scores/leaderboard.handler",
        "Runtime": "nodejs20.x",
        "FunctionName": "quiztopia-api-dev-getLeaderboard",
        "MemorySize": 1024,
        "Timeout": 6,
        "Environment": {
          "Variables": {
            "TABLE_NAME": "quiztopia-dev",
            "JWT_SECRET": "1a5cd7cb-2e4d-4ef3-ac6c-a9a6e5184a446c73247c-b615-47e9-936b-0d5a00491870",
            "NODE_OPTIONS": "--enable-source-maps"
          }
        },
        "Role": {
          "Fn::GetAtt": [
            "IamRoleLambdaExecution",
            "Arn"
          ]
        }
      },
      "DependsOn": [
        "GetLeaderboardLogGroup"
      ]
    },
    "PingLambdaVersionYRDeLla7RYNuEXticvPNxco3WJ1ddFe8s8cR5xg0": {
      "Type": "AWS::Lambda::Version",
      "DeletionPolicy": "Retain",
      "Properties": {
        "FunctionName": {
          "Ref": "PingLambdaFunction"
        },
        "CodeSha256": "faOTiZ+nvbpNg+j2Li3eqtdp1rM2kjJzyin59dYps/w="
      }
    },
    "GetQuizzesLambdaVersionGuKlUBgeC4cdk6f3DSn9OuqeXvyT9Bpsx91piByjLQ": {
      "Type": "AWS::Lambda::Version",
      "DeletionPolicy": "Retain",
      "Properties": {
        "FunctionName": {
          "Ref": "GetQuizzesLambdaFunction"
        },
        "CodeSha256": "I4ZUBzJldxc45loOKWAbbpzxVOy6ha5fKIkwztUNUoE="
      }
    },
    "GetQuizByIdLambdaVersion7LqQdIlu9ju15AnBhRCBFYCo4dIh4VZ15skxtskXCA": {
      "Type": "AWS::Lambda::Version",
      "DeletionPolicy": "Retain",
      "Properties": {
        "FunctionName": {
          "Ref": "GetQuizByIdLambdaFunction"
        },
        "CodeSha256": "fUVaj1n+NSFfcyp4UbTJwlddIOhU1tDxbLKIgB4WMiA="
      }
    },
    "DeleteQuizLambdaVersionwnEXc1FTJz3eGw5OMbmlry5SCWpVh8yQnIDZ4dBQKtI": {
      "Type": "AWS::Lambda::Version",
      "DeletionPolicy": "Retain",
      "Properties": {
        "FunctionName": {
          "Ref": "DeleteQuizLambdaFunction"
        },
        "CodeSha256": "vxjeMzH3UdEadnHCmG2sTBrX5w5Ix+LXf3kQnJWG7Ls="
      }
    },
    "GetLeaderboardLambdaVersionMUmsgvaXgGROTp6rUDT1kxk4FmNUjS9qAQjc0qZ3WdA": {
      "Type": "AWS::Lambda::Version",
      "DeletionPolicy": "Retain",
      "Properties": {
        "FunctionName": {
          "Ref": "GetLeaderboardLambdaFunction"
        },
        "CodeSha256": "MT9ur6kIeW7u3x7YSO7s3XA5LXSFHQovESCfSEAXSqs="
      }
    },
    "AuthRegisterLambdaVersionWDWTJo50fx97LZGIKnsXd3Z1Y06MnbPfIGcO69ZFA": {
      "Type": "AWS::Lambda::Version",
      "DeletionPolicy": "Retain",
      "Properties": {
        "FunctionName": {
          "Ref": "AuthRegisterLambdaFunction"
        },
        "CodeSha256": "I/h3So+tw+9rZhR2QShTkdAGqbH+4Ks1KwJFuD1uOgg="
      }
    },
    "AuthLoginLambdaVersionIviUl57GWB8H3tmjSPm9tYwaA0TV7cN58okNyLI0nlM": {
      "Type": "AWS::Lambda::Version",
      "DeletionPolicy": "Retain",
      "Properties": {
        "FunctionName": {
          "Ref": "AuthLoginLambdaFunction"
        },
        "CodeSha256": "BW3mX+ApsxTswKb14t3BmDMEbtPSoLy85OaC6MAurFo="
      }
    },
    "AddQuestionLambdaVersionrMdiKH7jsb8Lb0wjc1fy87DOb5ZFczsU2nQcv5Sye1I": {
      "Type": "AWS::Lambda::Version",
      "DeletionPolicy": "Retain",
      "Properties": {
        "FunctionName": {
          "Ref": "AddQuestionLambdaFunction"
        },
        "CodeSha256": "/jXqNeWkAqStdH1Zllgk9+5ywVBttGIe1gR+9iQmTCs="
      }
    },
    "SubmitScoreLambdaVersionAA6rVg1cqEALAGB5DUpshSjjHg9GCQSTYekZCA7VrkQ": {
      "Type": "AWS::Lambda::Version",
      "DeletionPolicy": "Retain",
      "Properties": {
        "FunctionName": {
          "Ref": "SubmitScoreLambdaFunction"
        },
        "CodeSha256": "p196LI/jU+QFquf95qJ3elxSBCoP0f2EU6G3ybj084E="
      }
    },
    "CreateQuizLambdaVersionZ3s4OeyjkmmFza0GrOCIs7IuNS1o7qBgKyhY837V8": {
      "Type": "AWS::Lambda::Version",
      "DeletionPolicy": "Retain",
      "Properties": {
        "FunctionName": {
          "Ref": "CreateQuizLambdaFunction"
        },
        "CodeSha256": "xSEzH+ykFYc3K2GPfGm+mrN+GGcb+gpFPk40Xu+WlCU="
      }
    },
    "HttpApi": {
      "Type": "AWS::ApiGatewayV2::Api",
      "Properties": {
        "Name": "dev-quiztopia-api",
        "ProtocolType": "HTTP"
      }
    },
    "HttpApiStage": {
      "Type": "AWS::ApiGatewayV2::Stage",
      "Properties": {
        "ApiId": {
          "Ref": "HttpApi"
        },
        "StageName": "$default",
        "AutoDeploy": true,
        "DefaultRouteSettings": {
          "DetailedMetricsEnabled": false
        }
      }
    },
    "PingLambdaPermissionHttpApi": {
      "Type": "AWS::Lambda::Permission",
      "Properties": {
        "FunctionName": {
          "Fn::GetAtt": [
            "PingLambdaFunction",
            "Arn"
          ]
        },
        "Action": "lambda:InvokeFunction",
        "Principal": "apigateway.amazonaws.com",
        "SourceArn": {
          "Fn::Join": [
            "",
            [
              "arn:",
              {
                "Ref": "AWS::Partition"
              },
              ":execute-api:",
              {
                "Ref": "AWS::Region"
              },
              ":",
              {
                "Ref": "AWS::AccountId"
              },
              ":",
              {
                "Ref": "HttpApi"
              },
              "/*"
            ]
          ]
        }
      }
    },
    "HttpApiIntegrationPing": {
      "Type": "AWS::ApiGatewayV2::Integration",
      "Properties": {
        "ApiId": {
          "Ref": "HttpApi"
        },
        "IntegrationType": "AWS_PROXY",
        "IntegrationUri": {
          "Fn::GetAtt": [
            "PingLambdaFunction",
            "Arn"
          ]
        },
        "PayloadFormatVersion": "2.0",
        "TimeoutInMillis": 30000
      }
    },
    "HttpApiRouteGetHealth": {
      "Type": "AWS::ApiGatewayV2::Route",
      "Properties": {
        "ApiId": {
          "Ref": "HttpApi"
        },
        "RouteKey": "GET /health",
        "Target": {
          "Fn::Join": [
            "/",
            [
              "integrations",
              {
                "Ref": "HttpApiIntegrationPing"
              }
            ]
          ]
        }
      },
      "DependsOn": "HttpApiIntegrationPing"
    },
    "AuthRegisterLambdaPermissionHttpApi": {
      "Type": "AWS::Lambda::Permission",
      "Properties": {
        "FunctionName": {
          "Fn::GetAtt": [
            "AuthRegisterLambdaFunction",
            "Arn"
          ]
        },
        "Action": "lambda:InvokeFunction",
        "Principal": "apigateway.amazonaws.com",
        "SourceArn": {
          "Fn::Join": [
            "",
            [
              "arn:",
              {
                "Ref": "AWS::Partition"
              },
              ":execute-api:",
              {
                "Ref": "AWS::Region"
              },
              ":",
              {
                "Ref": "AWS::AccountId"
              },
              ":",
              {
                "Ref": "HttpApi"
              },
              "/*"
            ]
          ]
        }
      }
    },
    "HttpApiIntegrationAuthRegister": {
      "Type": "AWS::ApiGatewayV2::Integration",
      "Properties": {
        "ApiId": {
          "Ref": "HttpApi"
        },
        "IntegrationType": "AWS_PROXY",
        "IntegrationUri": {
          "Fn::GetAtt": [
            "AuthRegisterLambdaFunction",
            "Arn"
          ]
        },
        "PayloadFormatVersion": "2.0",
        "TimeoutInMillis": 30000
      }
    },
    "HttpApiRoutePostAuthRegister": {
      "Type": "AWS::ApiGatewayV2::Route",
      "Properties": {
        "ApiId": {
          "Ref": "HttpApi"
        },
        "RouteKey": "POST /auth/register",
        "Target": {
          "Fn::Join": [
            "/",
            [
              "integrations",
              {
                "Ref": "HttpApiIntegrationAuthRegister"
              }
            ]
          ]
        }
      },
      "DependsOn": "HttpApiIntegrationAuthRegister"
    },
    "AuthLoginLambdaPermissionHttpApi": {
      "Type": "AWS::Lambda::Permission",
      "Properties": {
        "FunctionName": {
          "Fn::GetAtt": [
            "AuthLoginLambdaFunction",
            "Arn"
          ]
        },
        "Action": "lambda:InvokeFunction",
        "Principal": "apigateway.amazonaws.com",
        "SourceArn": {
          "Fn::Join": [
            "",
            [
              "arn:",
              {
                "Ref": "AWS::Partition"
              },
              ":execute-api:",
              {
                "Ref": "AWS::Region"
              },
              ":",
              {
                "Ref": "AWS::AccountId"
              },
              ":",
              {
                "Ref": "HttpApi"
              },
              "/*"
            ]
          ]
        }
      }
    },
    "HttpApiIntegrationAuthLogin": {
      "Type": "AWS::ApiGatewayV2::Integration",
      "Properties": {
        "ApiId": {
          "Ref": "HttpApi"
        },
        "IntegrationType": "AWS_PROXY",
        "IntegrationUri": {
          "Fn::GetAtt": [
            "AuthLoginLambdaFunction",
            "Arn"
          ]
        },
        "PayloadFormatVersion": "2.0",
        "TimeoutInMillis": 30000
      }
    },
    "HttpApiRoutePostAuthLogin": {
      "Type": "AWS::ApiGatewayV2::Route",
      "Properties": {
        "ApiId": {
          "Ref": "HttpApi"
        },
        "RouteKey": "POST /auth/login",
        "Target": {
          "Fn::Join": [
            "/",
            [
              "integrations",
              {
                "Ref": "HttpApiIntegrationAuthLogin"
              }
            ]
          ]
        }
      },
      "DependsOn": "HttpApiIntegrationAuthLogin"
    },
    "GetQuizzesLambdaPermissionHttpApi": {
      "Type": "AWS::Lambda::Permission",
      "Properties": {
        "FunctionName": {
          "Fn::GetAtt": [
            "GetQuizzesLambdaFunction",
            "Arn"
          ]
        },
        "Action": "lambda:InvokeFunction",
        "Principal": "apigateway.amazonaws.com",
        "SourceArn": {
          "Fn::Join": [
            "",
            [
              "arn:",
              {
                "Ref": "AWS::Partition"
              },
              ":execute-api:",
              {
                "Ref": "AWS::Region"
              },
              ":",
              {
                "Ref": "AWS::AccountId"
              },
              ":",
              {
                "Ref": "HttpApi"
              },
              "/*"
            ]
          ]
        }
      }
    },
    "HttpApiIntegrationGetQuizzes": {
      "Type": "AWS::ApiGatewayV2::Integration",
      "Properties": {
        "ApiId": {
          "Ref": "HttpApi"
        },
        "IntegrationType": "AWS_PROXY",
        "IntegrationUri": {
          "Fn::GetAtt": [
            "GetQuizzesLambdaFunction",
            "Arn"
          ]
        },
        "PayloadFormatVersion": "2.0",
        "TimeoutInMillis": 30000
      }
    },
    "HttpApiRouteGetQuizzes": {
      "Type": "AWS::ApiGatewayV2::Route",
      "Properties": {
        "ApiId": {
          "Ref": "HttpApi"
        },
        "RouteKey": "GET /quizzes",
        "Target": {
          "Fn::Join": [
            "/",
            [
              "integrations",
              {
                "Ref": "HttpApiIntegrationGetQuizzes"
              }
            ]
          ]
        }
      },
      "DependsOn": "HttpApiIntegrationGetQuizzes"
    },
    "GetQuizByIdLambdaPermissionHttpApi": {
      "Type": "AWS::Lambda::Permission",
      "Properties": {
        "FunctionName": {
          "Fn::GetAtt": [
            "GetQuizByIdLambdaFunction",
            "Arn"
          ]
        },
        "Action": "lambda:InvokeFunction",
        "Principal": "apigateway.amazonaws.com",
        "SourceArn": {
          "Fn::Join": [
            "",
            [
              "arn:",
              {
                "Ref": "AWS::Partition"
              },
              ":execute-api:",
              {
                "Ref": "AWS::Region"
              },
              ":",
              {
                "Ref": "AWS::AccountId"
              },
              ":",
              {
                "Ref": "HttpApi"
              },
              "/*"
            ]
          ]
        }
      }
    },
    "HttpApiIntegrationGetQuizById": {
      "Type": "AWS::ApiGatewayV2::Integration",
      "Properties": {
        "ApiId": {
          "Ref": "HttpApi"
        },
        "IntegrationType": "AWS_PROXY",
        "IntegrationUri": {
          "Fn::GetAtt": [
            "GetQuizByIdLambdaFunction",
            "Arn"
          ]
        },
        "PayloadFormatVersion": "2.0",
        "TimeoutInMillis": 30000
      }
    },
    "HttpApiRouteGetQuizzesQuizidVar": {
      "Type": "AWS::ApiGatewayV2::Route",
      "Properties": {
        "ApiId": {
          "Ref": "HttpApi"
        },
        "RouteKey": "GET /quizzes/{quizId}",
        "Target": {
          "Fn::Join": [
            "/",
            [
              "integrations",
              {
                "Ref": "HttpApiIntegrationGetQuizById"
              }
            ]
          ]
        }
      },
      "DependsOn": "HttpApiIntegrationGetQuizById"
    },
    "CreateQuizLambdaPermissionHttpApi": {
      "Type": "AWS::Lambda::Permission",
      "Properties": {
        "FunctionName": {
          "Fn::GetAtt": [
            "CreateQuizLambdaFunction",
            "Arn"
          ]
        },
        "Action": "lambda:InvokeFunction",
        "Principal": "apigateway.amazonaws.com",
        "SourceArn": {
          "Fn::Join": [
            "",
            [
              "arn:",
              {
                "Ref": "AWS::Partition"
              },
              ":execute-api:",
              {
                "Ref": "AWS::Region"
              },
              ":",
              {
                "Ref": "AWS::AccountId"
              },
              ":",
              {
                "Ref": "HttpApi"
              },
              "/*"
            ]
          ]
        }
      }
    },
    "HttpApiIntegrationCreateQuiz": {
      "Type": "AWS::ApiGatewayV2::Integration",
      "Properties": {
        "ApiId": {
          "Ref": "HttpApi"
        },
        "IntegrationType": "AWS_PROXY",
        "IntegrationUri": {
          "Fn::GetAtt": [
            "CreateQuizLambdaFunction",
            "Arn"
          ]
        },
        "PayloadFormatVersion": "2.0",
        "TimeoutInMillis": 30000
      }
    },
    "HttpApiRoutePostQuizzes": {
      "Type": "AWS::ApiGatewayV2::Route",
      "Properties": {
        "ApiId": {
          "Ref": "HttpApi"
        },
        "RouteKey": "POST /quizzes",
        "Target": {
          "Fn::Join": [
            "/",
            [
              "integrations",
              {
                "Ref": "HttpApiIntegrationCreateQuiz"
              }
            ]
          ]
        }
      },
      "DependsOn": "HttpApiIntegrationCreateQuiz"
    },
    "DeleteQuizLambdaPermissionHttpApi": {
      "Type": "AWS::Lambda::Permission",
      "Properties": {
        "FunctionName": {
          "Fn::GetAtt": [
            "DeleteQuizLambdaFunction",
            "Arn"
          ]
        },
        "Action": "lambda:InvokeFunction",
        "Principal": "apigateway.amazonaws.com",
        "SourceArn": {
          "Fn::Join": [
            "",
            [
              "arn:",
              {
                "Ref": "AWS::Partition"
              },
              ":execute-api:",
              {
                "Ref": "AWS::Region"
              },
              ":",
              {
                "Ref": "AWS::AccountId"
              },
              ":",
              {
                "Ref": "HttpApi"
              },
              "/*"
            ]
          ]
        }
      }
    },
    "HttpApiIntegrationDeleteQuiz": {
      "Type": "AWS::ApiGatewayV2::Integration",
      "Properties": {
        "ApiId": {
          "Ref": "HttpApi"
        },
        "IntegrationType": "AWS_PROXY",
        "IntegrationUri": {
          "Fn::GetAtt": [
            "DeleteQuizLambdaFunction",
            "Arn"
          ]
        },
        "PayloadFormatVersion": "2.0",
        "TimeoutInMillis": 30000
      }
    },
    "HttpApiRouteDeleteQuizzesQuizidVar": {
      "Type": "AWS::ApiGatewayV2::Route",
      "Properties": {
        "ApiId": {
          "Ref": "HttpApi"
        },
        "RouteKey": "DELETE /quizzes/{quizId}",
        "Target": {
          "Fn::Join": [
            "/",
            [
              "integrations",
              {
                "Ref": "HttpApiIntegrationDeleteQuiz"
              }
            ]
          ]
        }
      },
      "DependsOn": "HttpApiIntegrationDeleteQuiz"
    },
    "AddQuestionLambdaPermissionHttpApi": {
      "Type": "AWS::Lambda::Permission",
      "Properties": {
        "FunctionName": {
          "Fn::GetAtt": [
            "AddQuestionLambdaFunction",
            "Arn"
          ]
        },
        "Action": "lambda:InvokeFunction",
        "Principal": "apigateway.amazonaws.com",
        "SourceArn": {
          "Fn::Join": [
            "",
            [
              "arn:",
              {
                "Ref": "AWS::Partition"
              },
              ":execute-api:",
              {
                "Ref": "AWS::Region"
              },
              ":",
              {
                "Ref": "AWS::AccountId"
              },
              ":",
              {
                "Ref": "HttpApi"
              },
              "/*"
            ]
          ]
        }
      }
    },
    "HttpApiIntegrationAddQuestion": {
      "Type": "AWS::ApiGatewayV2::Integration",
      "Properties": {
        "ApiId": {
          "Ref": "HttpApi"
        },
        "IntegrationType": "AWS_PROXY",
        "IntegrationUri": {
          "Fn::GetAtt": [
            "AddQuestionLambdaFunction",
            "Arn"
          ]
        },
        "PayloadFormatVersion": "2.0",
        "TimeoutInMillis": 30000
      }
    },
    "HttpApiRoutePostQuizzesQuizidVarQuestions": {
      "Type": "AWS::ApiGatewayV2::Route",
      "Properties": {
        "ApiId": {
          "Ref": "HttpApi"
        },
        "RouteKey": "POST /quizzes/{quizId}/questions",
        "Target": {
          "Fn::Join": [
            "/",
            [
              "integrations",
              {
                "Ref": "HttpApiIntegrationAddQuestion"
              }
            ]
          ]
        }
      },
      "DependsOn": "HttpApiIntegrationAddQuestion"
    },
    "SubmitScoreLambdaPermissionHttpApi": {
      "Type": "AWS::Lambda::Permission",
      "Properties": {
        "FunctionName": {
          "Fn::GetAtt": [
            "SubmitScoreLambdaFunction",
            "Arn"
          ]
        },
        "Action": "lambda:InvokeFunction",
        "Principal": "apigateway.amazonaws.com",
        "SourceArn": {
          "Fn::Join": [
            "",
            [
              "arn:",
              {
                "Ref": "AWS::Partition"
              },
              ":execute-api:",
              {
                "Ref": "AWS::Region"
              },
              ":",
              {
                "Ref": "AWS::AccountId"
              },
              ":",
              {
                "Ref": "HttpApi"
              },
              "/*"
            ]
          ]
        }
      }
    },
    "HttpApiIntegrationSubmitScore": {
      "Type": "AWS::ApiGatewayV2::Integration",
      "Properties": {
        "ApiId": {
          "Ref": "HttpApi"
        },
        "IntegrationType": "AWS_PROXY",
        "IntegrationUri": {
          "Fn::GetAtt": [
            "SubmitScoreLambdaFunction",
            "Arn"
          ]
        },
        "PayloadFormatVersion": "2.0",
        "TimeoutInMillis": 30000
      }
    },
    "HttpApiRoutePostQuizzesQuizidVarScores": {
      "Type": "AWS::ApiGatewayV2::Route",
      "Properties": {
        "ApiId": {
          "Ref": "HttpApi"
        },
        "RouteKey": "POST /quizzes/{quizId}/scores",
        "Target": {
          "Fn::Join": [
            "/",
            [
              "integrations",
              {
                "Ref": "HttpApiIntegrationSubmitScore"
              }
            ]
          ]
        }
      },
      "DependsOn": "HttpApiIntegrationSubmitScore"
    },
    "GetLeaderboardLambdaPermissionHttpApi": {
      "Type": "AWS::Lambda::Permission",
      "Properties": {
        "FunctionName": {
          "Fn::GetAtt": [
            "GetLeaderboardLambdaFunction",
            "Arn"
          ]
        },
        "Action": "lambda:InvokeFunction",
        "Principal": "apigateway.amazonaws.com",
        "SourceArn": {
          "Fn::Join": [
            "",
            [
              "arn:",
              {
                "Ref": "AWS::Partition"
              },
              ":execute-api:",
              {
                "Ref": "AWS::Region"
              },
              ":",
              {
                "Ref": "AWS::AccountId"
              },
              ":",
              {
                "Ref": "HttpApi"
              },
              "/*"
            ]
          ]
        }
      }
    },
    "HttpApiIntegrationGetLeaderboard": {
      "Type": "AWS::ApiGatewayV2::Integration",
      "Properties": {
        "ApiId": {
          "Ref": "HttpApi"
        },
        "IntegrationType": "AWS_PROXY",
        "IntegrationUri": {
          "Fn::GetAtt": [
            "GetLeaderboardLambdaFunction",
            "Arn"
          ]
        },
        "PayloadFormatVersion": "2.0",
        "TimeoutInMillis": 30000
      }
    },
    "HttpApiRouteGetQuizzesQuizidVarLeaderboard": {
      "Type": "AWS::ApiGatewayV2::Route",
      "Properties": {
        "ApiId": {
          "Ref": "HttpApi"
        },
        "RouteKey": "GET /quizzes/{quizId}/leaderboard",
        "Target": {
          "Fn::Join": [
            "/",
            [
              "integrations",
              {
                "Ref": "HttpApiIntegrationGetLeaderboard"
              }
            ]
          ]
        }
      },
      "DependsOn": "HttpApiIntegrationGetLeaderboard"
    },
    "QuiztopiaTable": {
      "Type": "AWS::DynamoDB::Table",
      "DeletionPolicy": "Retain",
      "UpdateReplacePolicy": "Retain",
      "Properties": {
        "TableName": "quiztopia-dev",
        "BillingMode": "PAY_PER_REQUEST",
        "AttributeDefinitions": [
          {
            "AttributeName": "pk",
            "AttributeType": "S"
          },
          {
            "AttributeName": "sk",
            "AttributeType": "S"
          },
          {
            "AttributeName": "GSI1PK",
            "AttributeType": "S"
          },
          {
            "AttributeName": "GSI1SK",
            "AttributeType": "S"
          }
        ],
        "KeySchema": [
          {
            "AttributeName": "pk",
            "KeyType": "HASH"
          },
          {
            "AttributeName": "sk",
            "KeyType": "RANGE"
          }
        ],
        "GlobalSecondaryIndexes": [
          {
            "IndexName": "GSI1",
            "KeySchema": [
              {
                "AttributeName": "GSI1PK",
                "KeyType": "HASH"
              },
              {
                "AttributeName": "GSI1SK",
                "KeyType": "RANGE"
              }
            ],
            "Projection": {
              "ProjectionType": "ALL"
            }
          }
        ]
      }
    }
  },
  "Outputs": {
    "ServerlessDeploymentBucketName": {
      "Value": "serverless-framework-deployments-eu-north-1-ced01ca5-9b3f",
      "Export": {
        "Name": "sls-quiztopia-api-dev-ServerlessDeploymentBucketName"
      }
    },
    "PingLambdaFunctionQualifiedArn": {
      "Description": "Current Lambda function version",
      "Value": {
        "Ref": "PingLambdaVersionYRDeLla7RYNuEXticvPNxco3WJ1ddFe8s8cR5xg0"
      },
      "Export": {
        "Name": "sls-quiztopia-api-dev-PingLambdaFunctionQualifiedArn"
      }
    },
    "GetQuizzesLambdaFunctionQualifiedArn": {
      "Description": "Current Lambda function version",
      "Value": {
        "Ref": "GetQuizzesLambdaVersionGuKlUBgeC4cdk6f3DSn9OuqeXvyT9Bpsx91piByjLQ"
      },
      "Export": {
        "Name": "sls-quiztopia-api-dev-GetQuizzesLambdaFunctionQualifiedArn"
      }
    },
    "GetQuizByIdLambdaFunctionQualifiedArn": {
      "Description": "Current Lambda function version",
      "Value": {
        "Ref": "GetQuizByIdLambdaVersion7LqQdIlu9ju15AnBhRCBFYCo4dIh4VZ15skxtskXCA"
      },
      "Export": {
        "Name": "sls-quiztopia-api-dev-GetQuizByIdLambdaFunctionQualifiedArn"
      }
    },
    "DeleteQuizLambdaFunctionQualifiedArn": {
      "Description": "Current Lambda function version",
      "Value": {
        "Ref": "DeleteQuizLambdaVersionwnEXc1FTJz3eGw5OMbmlry5SCWpVh8yQnIDZ4dBQKtI"
      },
      "Export": {
        "Name": "sls-quiztopia-api-dev-DeleteQuizLambdaFunctionQualifiedArn"
      }
    },
    "GetLeaderboardLambdaFunctionQualifiedArn": {
      "Description": "Current Lambda function version",
      "Value": {
        "Ref": "GetLeaderboardLambdaVersionMUmsgvaXgGROTp6rUDT1kxk4FmNUjS9qAQjc0qZ3WdA"
      },
      "Export": {
        "Name": "sls-quiztopia-api-dev-GetLeaderboardLambdaFunctionQualifiedArn"
      }
    },
    "AuthRegisterLambdaFunctionQualifiedArn": {
      "Description": "Current Lambda function version",
      "Value": {
        "Ref": "AuthRegisterLambdaVersionWDWTJo50fx97LZGIKnsXd3Z1Y06MnbPfIGcO69ZFA"
      },
      "Export": {
        "Name": "sls-quiztopia-api-dev-AuthRegisterLambdaFunctionQualifiedArn"
      }
    },
    "AuthLoginLambdaFunctionQualifiedArn": {
      "Description": "Current Lambda function version",
      "Value": {
        "Ref": "AuthLoginLambdaVersionIviUl57GWB8H3tmjSPm9tYwaA0TV7cN58okNyLI0nlM"
      },
      "Export": {
        "Name": "sls-quiztopia-api-dev-AuthLoginLambdaFunctionQualifiedArn"
      }
    },
    "AddQuestionLambdaFunctionQualifiedArn": {
      "Description": "Current Lambda function version",
      "Value": {
        "Ref": "AddQuestionLambdaVersionrMdiKH7jsb8Lb0wjc1fy87DOb5ZFczsU2nQcv5Sye1I"
      },
      "Export": {
        "Name": "sls-quiztopia-api-dev-AddQuestionLambdaFunctionQualifiedArn"
      }
    },
    "SubmitScoreLambdaFunctionQualifiedArn": {
      "Description": "Current Lambda function version",
      "Value": {
        "Ref": "SubmitScoreLambdaVersionAA6rVg1cqEALAGB5DUpshSjjHg9GCQSTYekZCA7VrkQ"
      },
      "Export": {
        "Name": "sls-quiztopia-api-dev-SubmitScoreLambdaFunctionQualifiedArn"
      }
    },
    "CreateQuizLambdaFunctionQualifiedArn": {
      "Description": "Current Lambda function version",
      "Value": {
        "Ref": "CreateQuizLambdaVersionZ3s4OeyjkmmFza0GrOCIs7IuNS1o7qBgKyhY837V8"
      },
      "Export": {
        "Name": "sls-quiztopia-api-dev-CreateQuizLambdaFunctionQualifiedArn"
      }
    },
    "HttpApiId": {
      "Description": "Id of the HTTP API",
      "Value": {
        "Ref": "HttpApi"
      },
      "Export": {
        "Name": "sls-quiztopia-api-dev-HttpApiId"
      }
    },
    "HttpApiUrl": {
      "Description": "URL of the HTTP API",
      "Value": {
        "Fn::Join": [
          "",
          [
            "https://",
            {
              "Ref": "HttpApi"
            },
            ".execute-api.",
            {
              "Ref": "AWS::Region"
            },
            ".",
            {
              "Ref": "AWS::URLSuffix"
            }
          ]
        ]
      },
      "Export": {
        "Name": "sls-quiztopia-api-dev-HttpApiUrl"
      }
    }
  }
}