{
  "AWSTemplateFormatVersion": "2010-09-09",
  "Description": "The AWS CloudFormation template for this Serverless application",
  "Resources": {
    "PingLogGroup": {
      "Type": "AWS::Logs::LogGroup",
      "Properties": {
        "LogGroupName": "/aws/lambda/quiztopia-api-dev-ping"
      }
    },
    "AuthRegisterLogGroup": {
      "Type": "AWS::Logs::LogGroup",
      "Properties": {
        "LogGroupName": "/aws/lambda/quiztopia-api-dev-authRegister"
      }
    },
    "AuthLoginLogGroup": {
      "Type": "AWS::Logs::LogGroup",
      "Properties": {
        "LogGroupName": "/aws/lambda/quiztopia-api-dev-authLogin"
      }
    },
    "GetQuizzesLogGroup": {
      "Type": "AWS::Logs::LogGroup",
      "Properties": {
        "LogGroupName": "/aws/lambda/quiztopia-api-dev-getQuizzes"
      }
    },
    "GetQuizByIdLogGroup": {
      "Type": "AWS::Logs::LogGroup",
      "Properties": {
        "LogGroupName": "/aws/lambda/quiztopia-api-dev-getQuizById"
      }
    },
    "CreateQuizLogGroup": {
      "Type": "AWS::Logs::LogGroup",
      "Properties": {
        "LogGroupName": "/aws/lambda/quiztopia-api-dev-createQuiz"
      }
    },
    "DeleteQuizLogGroup": {
      "Type": "AWS::Logs::LogGroup",
      "Properties": {
        "LogGroupName": "/aws/lambda/quiztopia-api-dev-deleteQuiz"
      }
    },
    "AddQuestionLogGroup": {
      "Type": "AWS::Logs::LogGroup",
      "Properties": {
        "LogGroupName": "/aws/lambda/quiztopia-api-dev-addQuestion"
      }
    },
    "SubmitScoreLogGroup": {
      "Type": "AWS::Logs::LogGroup",
      "Properties": {
        "LogGroupName": "/aws/lambda/quiztopia-api-dev-submitScore"
      }
    },
    "GetLeaderboardLogGroup": {
      "Type": "AWS::Logs::LogGroup",
      "Properties": {
        "LogGroupName": "/aws/lambda/quiztopia-api-dev-getLeaderboard"
      }
    },
    "IamRoleLambdaExecution": {
      "Type": "AWS::IAM::Role",
      "Properties": {
        "AssumeRolePolicyDocument": {
          "Version": "2012-10-17",
          "Statement": [
            {
              "Effect": "Allow",
              "Principal": {
                "Service": [
                  "lambda.amazonaws.com"
                ]
              },
              "Action": [
                "sts:AssumeRole"
              ]
            }
          ]
        },
        "Policies": [
          {
            "PolicyName": {
              "Fn::Join": [
                "-",
                [
                  "quiztopia-api",
                  "dev",
                  "lambda"
                ]
              ]
            },
            "PolicyDocument": {
              "Version": "2012-10-17",
              "Statement": [
                {
                  "Effect": "Allow",
                  "Action": [
                    "logs:CreateLogStream",
                    "logs:CreateLogGroup",
                    "logs:TagResource"
                  ],
                  "Resource": [
                    {
                      "Fn::Sub": "arn:${AWS::Partition}:logs:${AWS::Region}:${AWS::AccountId}:log-group:/aws/lambda/quiztopia-api-dev*:*"
                    }
                  ]
                },
                {
                  "Effect": "Allow",
                  "Action": [
                    "logs:PutLogEvents"
                  ],
                  "Resource": [
                    {
                      "Fn::Sub": "arn:${AWS::Partition}:logs:${AWS::Region}:${AWS::AccountId}:log-group:/aws/lambda/quiztopia-api-dev*:*:*"
                    }
                  ]
                },
                {
                  "Effect": "Allow",
                  "Action": [
                    "dynamodb:PutItem",
                    "dynamodb:GetItem",
                    "dynamodb:UpdateItem",
                    "dynamodb:DeleteItem",
                    "dynamodb:BatchWriteItem",
                    "dynamodb:Query"
                  ],
                  "Resource": [
                    "arn:aws:dynamodb:eu-north-1:190164553494:table/quiztopia-dev",
                    "arn:aws:dynamodb:eu-north-1:190164553494:table/quiztopia-dev/index/*"
                  ]
                },
                {
                  "Effect": "Allow",
                  "Action": [
                    "logs:CreateLogGroup",
                    "logs:CreateLogStream",
                    "logs:PutLogEvents"
                  ],
                  "Resource": "*"
                }
              ]
            }
          }
        ],
        "Path": "/",
        "RoleName": {
          "Fn::Join": [
            "-",
            [
              "quiztopia-api",
              "dev",
              {
                "Ref": "AWS::Region"
              },
              "lambdaRole"
            ]
          ]
        }
      }
    },
    "PingLambdaFunction": {
      "Type": "AWS::Lambda::Function",
      "Properties": {
        "Code": {
          "S3Bucket": "serverless-framework-deployments-eu-north-1-ced01ca5-9b3f",
          "S3Key": "serverless/quiztopia-api/dev/1759403565553-2025-10-02T11:12:45.553Z/quiztopia-api-ping.zip"
        },
        "Handler": "src/functions/ping.handler",
        "Runtime": "nodejs20.x",
        "FunctionName": "quiztopia-api-dev-ping",
        "MemorySize": 1024,
        "Timeout": 6,
        "Environment": {
          "Variables": {
            "TABLE_NAME": "quiztopia-dev",
            "JWT_SECRET": "en-superlång-slumpad-hemlighet-här",
            "NODE_OPTIONS": "--enable-source-maps"
          }
        },
        "Role": {
          "Fn::GetAtt": [
            "IamRoleLambdaExecution",
            "Arn"
          ]
        }
      },
      "DependsOn": [
        "PingLogGroup"
      ]
    },
    "AuthRegisterLambdaFunction": {
      "Type": "AWS::Lambda::Function",
      "Properties": {
        "Code": {
          "S3Bucket": "serverless-framework-deployments-eu-north-1-ced01ca5-9b3f",
          "S3Key": "serverless/quiztopia-api/dev/1759403565553-2025-10-02T11:12:45.553Z/quiztopia-api-authRegister.zip"
        },
        "Handler": "src/functions/auth/register.handler",
        "Runtime": "nodejs20.x",
        "FunctionName": "quiztopia-api-dev-authRegister",
        "MemorySize": 1024,
        "Timeout": 6,
        "Environment": {
          "Variables": {
            "TABLE_NAME": "quiztopia-dev",
            "JWT_SECRET": "en-superlång-slumpad-hemlighet-här",
            "NODE_OPTIONS": "--enable-source-maps"
          }
        },
        "Role": {
          "Fn::GetAtt": [
            "IamRoleLambdaExecution",
            "Arn"
          ]
        }
      },
      "DependsOn": [
        "AuthRegisterLogGroup"
      ]
    },
    "AuthLoginLambdaFunction": {
      "Type": "AWS::Lambda::Function",
      "Properties": {
        "Code": {
          "S3Bucket": "serverless-framework-deployments-eu-north-1-ced01ca5-9b3f",
          "S3Key": "serverless/quiztopia-api/dev/1759403565553-2025-10-02T11:12:45.553Z/quiztopia-api-authLogin.zip"
        },
        "Handler": "src/functions/auth/login.handler",
        "Runtime": "nodejs20.x",
        "FunctionName": "quiztopia-api-dev-authLogin",
        "MemorySize": 1024,
        "Timeout": 6,
        "Environment": {
          "Variables": {
            "TABLE_NAME": "quiztopia-dev",
            "JWT_SECRET": "en-superlång-slumpad-hemlighet-här",
            "NODE_OPTIONS": "--enable-source-maps"
          }
        },
        "Role": {
          "Fn::GetAtt": [
            "IamRoleLambdaExecution",
            "Arn"
          ]
        }
      },
      "DependsOn": [
        "AuthLoginLogGroup"
      ]
    },
    "GetQuizzesLambdaFunction": {
      "Type": "AWS::Lambda::Function",
      "Properties": {
        "Code": {
          "S3Bucket": "serverless-framework-deployments-eu-north-1-ced01ca5-9b3f",
          "S3Key": "serverless/quiztopia-api/dev/1759403565553-2025-10-02T11:12:45.553Z/quiztopia-api-getQuizzes.zip"
        },
        "Handler": "src/functions/quizzes/list.handler",
        "Runtime": "nodejs20.x",
        "FunctionName": "quiztopia-api-dev-getQuizzes",
        "MemorySize": 1024,
        "Timeout": 6,
        "Environment": {
          "Variables": {
            "TABLE_NAME": "quiztopia-dev",
            "JWT_SECRET": "en-superlång-slumpad-hemlighet-här",
            "NODE_OPTIONS": "--enable-source-maps"
          }
        },
        "Role": {
          "Fn::GetAtt": [
            "IamRoleLambdaExecution",
            "Arn"
          ]
        }
      },
      "DependsOn": [
        "GetQuizzesLogGroup"
      ]
    },
    "GetQuizByIdLambdaFunction": {
      "Type": "AWS::Lambda::Function",
      "Properties": {
        "Code": {
          "S3Bucket": "serverless-framework-deployments-eu-north-1-ced01ca5-9b3f",
          "S3Key": "serverless/quiztopia-api/dev/1759403565553-2025-10-02T11:12:45.553Z/quiztopia-api-getQuizById.zip"
        },
        "Handler": "src/functions/quizzes/get.handler",
        "Runtime": "nodejs20.x",
        "FunctionName": "quiztopia-api-dev-getQuizById",
        "MemorySize": 1024,
        "Timeout": 6,
        "Environment": {
          "Variables": {
            "TABLE_NAME": "quiztopia-dev",
            "JWT_SECRET": "en-superlång-slumpad-hemlighet-här",
            "NODE_OPTIONS": "--enable-source-maps"
          }
        },
        "Role": {
          "Fn::GetAtt": [
            "IamRoleLambdaExecution",
            "Arn"
          ]
        }
      },
      "DependsOn": [
        "GetQuizByIdLogGroup"
      ]
    },
    "CreateQuizLambdaFunction": {
      "Type": "AWS::Lambda::Function",
      "Properties": {
        "Code": {
          "S3Bucket": "serverless-framework-deployments-eu-north-1-ced01ca5-9b3f",
          "S3Key": "serverless/quiztopia-api/dev/1759403565553-2025-10-02T11:12:45.553Z/quiztopia-api-createQuiz.zip"
        },
        "Handler": "src/functions/quizzes/create.handler",
        "Runtime": "nodejs20.x",
        "FunctionName": "quiztopia-api-dev-createQuiz",
        "MemorySize": 1024,
        "Timeout": 6,
        "Environment": {
          "Variables": {
            "TABLE_NAME": "quiztopia-dev",
            "JWT_SECRET": "en-superlång-slumpad-hemlighet-här",
            "NODE_OPTIONS": "--enable-source-maps"
          }
        },
        "Role": {
          "Fn::GetAtt": [
            "IamRoleLambdaExecution",
            "Arn"
          ]
        }
      },
      "DependsOn": [
        "CreateQuizLogGroup"
      ]
    },
    "DeleteQuizLambdaFunction": {
      "Type": "AWS::Lambda::Function",
      "Properties": {
        "Code": {
          "S3Bucket": "serverless-framework-deployments-eu-north-1-ced01ca5-9b3f",
          "S3Key": "serverless/quiztopia-api/dev/1759403565553-2025-10-02T11:12:45.553Z/quiztopia-api-deleteQuiz.zip"
        },
        "Handler": "src/functions/quizzes/delete.handler",
        "Runtime": "nodejs20.x",
        "FunctionName": "quiztopia-api-dev-deleteQuiz",
        "MemorySize": 1024,
        "Timeout": 6,
        "Environment": {
          "Variables": {
            "TABLE_NAME": "quiztopia-dev",
            "JWT_SECRET": "en-superlång-slumpad-hemlighet-här",
            "NODE_OPTIONS": "--enable-source-maps"
          }
        },
        "Role": {
          "Fn::GetAtt": [
            "IamRoleLambdaExecution",
            "Arn"
          ]
        }
      },
      "DependsOn": [
        "DeleteQuizLogGroup"
      ]
    },
    "AddQuestionLambdaFunction": {
      "Type": "AWS::Lambda::Function",
      "Properties": {
        "Code": {
          "S3Bucket": "serverless-framework-deployments-eu-north-1-ced01ca5-9b3f",
          "S3Key": "serverless/quiztopia-api/dev/1759403565553-2025-10-02T11:12:45.553Z/quiztopia-api-addQuestion.zip"
        },
        "Handler": "src/functions/questions/create.handler",
        "Runtime": "nodejs20.x",
        "FunctionName": "quiztopia-api-dev-addQuestion",
        "MemorySize": 1024,
        "Timeout": 6,
        "Environment": {
          "Variables": {
            "TABLE_NAME": "quiztopia-dev",
            "JWT_SECRET": "en-superlång-slumpad-hemlighet-här",
            "NODE_OPTIONS": "--enable-source-maps"
          }
        },
        "Role": {
          "Fn::GetAtt": [
            "IamRoleLambdaExecution",
            "Arn"
          ]
        }
      },
      "DependsOn": [
        "AddQuestionLogGroup"
      ]
    },
    "SubmitScoreLambdaFunction": {
      "Type": "AWS::Lambda::Function",
      "Properties": {
        "Code": {
          "S3Bucket": "serverless-framework-deployments-eu-north-1-ced01ca5-9b3f",
          "S3Key": "serverless/quiztopia-api/dev/1759403565553-2025-10-02T11:12:45.553Z/quiztopia-api-submitScore.zip"
        },
        "Handler": "src/functions/scores/submit.handler",
        "Runtime": "nodejs20.x",
        "FunctionName": "quiztopia-api-dev-submitScore",
        "MemorySize": 1024,
        "Timeout": 6,
        "Environment": {
          "Variables": {
            "TABLE_NAME": "quiztopia-dev",
            "JWT_SECRET": "en-superlång-slumpad-hemlighet-här",
            "NODE_OPTIONS": "--enable-source-maps"
          }
        },
        "Role": {
          "Fn::GetAtt": [
            "IamRoleLambdaExecution",
            "Arn"
          ]
        }
      },
      "DependsOn": [
        "SubmitScoreLogGroup"
      ]
    },
    "GetLeaderboardLambdaFunction": {
      "Type": "AWS::Lambda::Function",
      "Properties": {
        "Code": {
          "S3Bucket": "serverless-framework-deployments-eu-north-1-ced01ca5-9b3f",
          "S3Key": "serverless/quiztopia-api/dev/1759403565553-2025-10-02T11:12:45.553Z/quiztopia-api-getLeaderboard.zip"
        },
        "Handler": "src/functions/scores/leaderboard.handler",
        "Runtime": "nodejs20.x",
        "FunctionName": "quiztopia-api-dev-getLeaderboard",
        "MemorySize": 1024,
        "Timeout": 6,
        "Environment": {
          "Variables": {
            "TABLE_NAME": "quiztopia-dev",
            "JWT_SECRET": "en-superlång-slumpad-hemlighet-här",
            "NODE_OPTIONS": "--enable-source-maps"
          }
        },
        "Role": {
          "Fn::GetAtt": [
            "IamRoleLambdaExecution",
            "Arn"
          ]
        }
      },
      "DependsOn": [
        "GetLeaderboardLogGroup"
      ]
    },
    "PingLambdaVersionkD8TDUe0Xy1jERDRVhFLu6Yk1MltBhmhtqB2LSVZJ0": {
      "Type": "AWS::Lambda::Version",
      "DeletionPolicy": "Retain",
      "Properties": {
        "FunctionName": {
          "Ref": "PingLambdaFunction"
        },
        "CodeSha256": "ycEiOwvmvIJ4MojbtVpmlSpN0o6E7jOrPaJjCoNA5Og="
      }
    },
    "GetQuizByIdLambdaVersionkzj60i9cRyfdeFiC7hVx9WqPKy4Jm65nCjba0gNsyU": {
      "Type": "AWS::Lambda::Version",
      "DeletionPolicy": "Retain",
      "Properties": {
        "FunctionName": {
          "Ref": "GetQuizByIdLambdaFunction"
        },
        "CodeSha256": "F6teeoy/4/QPUUNpNwVOGoQV8fGNQiYnwvKZJ46hxRk="
      }
    },
    "GetQuizzesLambdaVersiont2Uqg5FwjbTtoKvMpmRxUtSZBtEb5q4ERcTrcehOq4": {
      "Type": "AWS::Lambda::Version",
      "DeletionPolicy": "Retain",
      "Properties": {
        "FunctionName": {
          "Ref": "GetQuizzesLambdaFunction"
        },
        "CodeSha256": "EvxFljOVJUW4zgSIUhX6JGLeHXFnLu2Mc4bQNs+f7jw="
      }
    },
    "DeleteQuizLambdaVersion5OmefAkGF5YJbnCPeRVmsdZAKlUxt9UEqIgu57DQoI": {
      "Type": "AWS::Lambda::Version",
      "DeletionPolicy": "Retain",
      "Properties": {
        "FunctionName": {
          "Ref": "DeleteQuizLambdaFunction"
        },
        "CodeSha256": "T+geWqVWQaUqSDOCxNEIdDbpHWX8nNdBsRyKfIAuWv8="
      }
    },
    "GetLeaderboardLambdaVersionoSAziaXEZV0NSer5ihQH2k33OCCpRDBCsoEaagQ0c": {
      "Type": "AWS::Lambda::Version",
      "DeletionPolicy": "Retain",
      "Properties": {
        "FunctionName": {
          "Ref": "GetLeaderboardLambdaFunction"
        },
        "CodeSha256": "siG0jZAs3rMCMyQ87o7mZgj/Kj2Auyu5e6kI40Egvd8="
      }
    },
    "AddQuestionLambdaVersionopRVVcrDQ6KwL6wukmYCTtthLpqrtZkgvFtphqIdQF8": {
      "Type": "AWS::Lambda::Version",
      "DeletionPolicy": "Retain",
      "Properties": {
        "FunctionName": {
          "Ref": "AddQuestionLambdaFunction"
        },
        "CodeSha256": "ZyghN4G0sLgkcxZebnaE8iwS4kI2JA42eUNXuL89DJ0="
      }
    },
    "CreateQuizLambdaVersioneddVoQvWwzQRrCHV1kXkgbV0h1YgR8mYQcz0YBr8": {
      "Type": "AWS::Lambda::Version",
      "DeletionPolicy": "Retain",
      "Properties": {
        "FunctionName": {
          "Ref": "CreateQuizLambdaFunction"
        },
        "CodeSha256": "ku0zSJCWwKiPw1rna9QOFG7ppwVSg6YpaqvXDEfEOI4="
      }
    },
    "SubmitScoreLambdaVersionUQkXMzKigeXpUOMzA3ajDOqieaYUTjBjQ9lv2e8a4Q": {
      "Type": "AWS::Lambda::Version",
      "DeletionPolicy": "Retain",
      "Properties": {
        "FunctionName": {
          "Ref": "SubmitScoreLambdaFunction"
        },
        "CodeSha256": "3P/P4p7QZJUaYQl4Hm7LpWNJI4w/nSWB6PY+6rnL7Wg="
      }
    },
    "AuthRegisterLambdaVersionvEwQfO0OdDz0ti1bzeo3BTFYgZQ19m52CTB0c7ztCg": {
      "Type": "AWS::Lambda::Version",
      "DeletionPolicy": "Retain",
      "Properties": {
        "FunctionName": {
          "Ref": "AuthRegisterLambdaFunction"
        },
        "CodeSha256": "lEhQm0mmSjN0QbJcts/3NQgbco0r4rVsbD88LOsAXI0="
      }
    },
    "AuthLoginLambdaVersionSoT6VFrRzOYCa4ZbZqjVkHd9KqzDH2XJiN7p4T5w": {
      "Type": "AWS::Lambda::Version",
      "DeletionPolicy": "Retain",
      "Properties": {
        "FunctionName": {
          "Ref": "AuthLoginLambdaFunction"
        },
        "CodeSha256": "rNuH0gwf/B42Tiy1fJxgkUmVhkMVQ5NwvMelwNCSD5M="
      }
    },
    "HttpApi": {
      "Type": "AWS::ApiGatewayV2::Api",
      "Properties": {
        "Name": "dev-quiztopia-api",
        "ProtocolType": "HTTP"
      }
    },
    "HttpApiStage": {
      "Type": "AWS::ApiGatewayV2::Stage",
      "Properties": {
        "ApiId": {
          "Ref": "HttpApi"
        },
        "StageName": "$default",
        "AutoDeploy": true,
        "DefaultRouteSettings": {
          "DetailedMetricsEnabled": false
        }
      }
    },
    "PingLambdaPermissionHttpApi": {
      "Type": "AWS::Lambda::Permission",
      "Properties": {
        "FunctionName": {
          "Fn::GetAtt": [
            "PingLambdaFunction",
            "Arn"
          ]
        },
        "Action": "lambda:InvokeFunction",
        "Principal": "apigateway.amazonaws.com",
        "SourceArn": {
          "Fn::Join": [
            "",
            [
              "arn:",
              {
                "Ref": "AWS::Partition"
              },
              ":execute-api:",
              {
                "Ref": "AWS::Region"
              },
              ":",
              {
                "Ref": "AWS::AccountId"
              },
              ":",
              {
                "Ref": "HttpApi"
              },
              "/*"
            ]
          ]
        }
      }
    },
    "HttpApiIntegrationPing": {
      "Type": "AWS::ApiGatewayV2::Integration",
      "Properties": {
        "ApiId": {
          "Ref": "HttpApi"
        },
        "IntegrationType": "AWS_PROXY",
        "IntegrationUri": {
          "Fn::GetAtt": [
            "PingLambdaFunction",
            "Arn"
          ]
        },
        "PayloadFormatVersion": "2.0",
        "TimeoutInMillis": 30000
      }
    },
    "HttpApiRouteGetHealth": {
      "Type": "AWS::ApiGatewayV2::Route",
      "Properties": {
        "ApiId": {
          "Ref": "HttpApi"
        },
        "RouteKey": "GET /health",
        "Target": {
          "Fn::Join": [
            "/",
            [
              "integrations",
              {
                "Ref": "HttpApiIntegrationPing"
              }
            ]
          ]
        }
      },
      "DependsOn": "HttpApiIntegrationPing"
    },
    "AuthRegisterLambdaPermissionHttpApi": {
      "Type": "AWS::Lambda::Permission",
      "Properties": {
        "FunctionName": {
          "Fn::GetAtt": [
            "AuthRegisterLambdaFunction",
            "Arn"
          ]
        },
        "Action": "lambda:InvokeFunction",
        "Principal": "apigateway.amazonaws.com",
        "SourceArn": {
          "Fn::Join": [
            "",
            [
              "arn:",
              {
                "Ref": "AWS::Partition"
              },
              ":execute-api:",
              {
                "Ref": "AWS::Region"
              },
              ":",
              {
                "Ref": "AWS::AccountId"
              },
              ":",
              {
                "Ref": "HttpApi"
              },
              "/*"
            ]
          ]
        }
      }
    },
    "HttpApiIntegrationAuthRegister": {
      "Type": "AWS::ApiGatewayV2::Integration",
      "Properties": {
        "ApiId": {
          "Ref": "HttpApi"
        },
        "IntegrationType": "AWS_PROXY",
        "IntegrationUri": {
          "Fn::GetAtt": [
            "AuthRegisterLambdaFunction",
            "Arn"
          ]
        },
        "PayloadFormatVersion": "2.0",
        "TimeoutInMillis": 30000
      }
    },
    "HttpApiRoutePostAuthRegister": {
      "Type": "AWS::ApiGatewayV2::Route",
      "Properties": {
        "ApiId": {
          "Ref": "HttpApi"
        },
        "RouteKey": "POST /auth/register",
        "Target": {
          "Fn::Join": [
            "/",
            [
              "integrations",
              {
                "Ref": "HttpApiIntegrationAuthRegister"
              }
            ]
          ]
        }
      },
      "DependsOn": "HttpApiIntegrationAuthRegister"
    },
    "AuthLoginLambdaPermissionHttpApi": {
      "Type": "AWS::Lambda::Permission",
      "Properties": {
        "FunctionName": {
          "Fn::GetAtt": [
            "AuthLoginLambdaFunction",
            "Arn"
          ]
        },
        "Action": "lambda:InvokeFunction",
        "Principal": "apigateway.amazonaws.com",
        "SourceArn": {
          "Fn::Join": [
            "",
            [
              "arn:",
              {
                "Ref": "AWS::Partition"
              },
              ":execute-api:",
              {
                "Ref": "AWS::Region"
              },
              ":",
              {
                "Ref": "AWS::AccountId"
              },
              ":",
              {
                "Ref": "HttpApi"
              },
              "/*"
            ]
          ]
        }
      }
    },
    "HttpApiIntegrationAuthLogin": {
      "Type": "AWS::ApiGatewayV2::Integration",
      "Properties": {
        "ApiId": {
          "Ref": "HttpApi"
        },
        "IntegrationType": "AWS_PROXY",
        "IntegrationUri": {
          "Fn::GetAtt": [
            "AuthLoginLambdaFunction",
            "Arn"
          ]
        },
        "PayloadFormatVersion": "2.0",
        "TimeoutInMillis": 30000
      }
    },
    "HttpApiRoutePostAuthLogin": {
      "Type": "AWS::ApiGatewayV2::Route",
      "Properties": {
        "ApiId": {
          "Ref": "HttpApi"
        },
        "RouteKey": "POST /auth/login",
        "Target": {
          "Fn::Join": [
            "/",
            [
              "integrations",
              {
                "Ref": "HttpApiIntegrationAuthLogin"
              }
            ]
          ]
        }
      },
      "DependsOn": "HttpApiIntegrationAuthLogin"
    },
    "GetQuizzesLambdaPermissionHttpApi": {
      "Type": "AWS::Lambda::Permission",
      "Properties": {
        "FunctionName": {
          "Fn::GetAtt": [
            "GetQuizzesLambdaFunction",
            "Arn"
          ]
        },
        "Action": "lambda:InvokeFunction",
        "Principal": "apigateway.amazonaws.com",
        "SourceArn": {
          "Fn::Join": [
            "",
            [
              "arn:",
              {
                "Ref": "AWS::Partition"
              },
              ":execute-api:",
              {
                "Ref": "AWS::Region"
              },
              ":",
              {
                "Ref": "AWS::AccountId"
              },
              ":",
              {
                "Ref": "HttpApi"
              },
              "/*"
            ]
          ]
        }
      }
    },
    "HttpApiIntegrationGetQuizzes": {
      "Type": "AWS::ApiGatewayV2::Integration",
      "Properties": {
        "ApiId": {
          "Ref": "HttpApi"
        },
        "IntegrationType": "AWS_PROXY",
        "IntegrationUri": {
          "Fn::GetAtt": [
            "GetQuizzesLambdaFunction",
            "Arn"
          ]
        },
        "PayloadFormatVersion": "2.0",
        "TimeoutInMillis": 30000
      }
    },
    "HttpApiRouteGetQuizzes": {
      "Type": "AWS::ApiGatewayV2::Route",
      "Properties": {
        "ApiId": {
          "Ref": "HttpApi"
        },
        "RouteKey": "GET /quizzes",
        "Target": {
          "Fn::Join": [
            "/",
            [
              "integrations",
              {
                "Ref": "HttpApiIntegrationGetQuizzes"
              }
            ]
          ]
        }
      },
      "DependsOn": "HttpApiIntegrationGetQuizzes"
    },
    "GetQuizByIdLambdaPermissionHttpApi": {
      "Type": "AWS::Lambda::Permission",
      "Properties": {
        "FunctionName": {
          "Fn::GetAtt": [
            "GetQuizByIdLambdaFunction",
            "Arn"
          ]
        },
        "Action": "lambda:InvokeFunction",
        "Principal": "apigateway.amazonaws.com",
        "SourceArn": {
          "Fn::Join": [
            "",
            [
              "arn:",
              {
                "Ref": "AWS::Partition"
              },
              ":execute-api:",
              {
                "Ref": "AWS::Region"
              },
              ":",
              {
                "Ref": "AWS::AccountId"
              },
              ":",
              {
                "Ref": "HttpApi"
              },
              "/*"
            ]
          ]
        }
      }
    },
    "HttpApiIntegrationGetQuizById": {
      "Type": "AWS::ApiGatewayV2::Integration",
      "Properties": {
        "ApiId": {
          "Ref": "HttpApi"
        },
        "IntegrationType": "AWS_PROXY",
        "IntegrationUri": {
          "Fn::GetAtt": [
            "GetQuizByIdLambdaFunction",
            "Arn"
          ]
        },
        "PayloadFormatVersion": "2.0",
        "TimeoutInMillis": 30000
      }
    },
    "HttpApiRouteGetQuizzesQuizidVar": {
      "Type": "AWS::ApiGatewayV2::Route",
      "Properties": {
        "ApiId": {
          "Ref": "HttpApi"
        },
        "RouteKey": "GET /quizzes/{quizId}",
        "Target": {
          "Fn::Join": [
            "/",
            [
              "integrations",
              {
                "Ref": "HttpApiIntegrationGetQuizById"
              }
            ]
          ]
        }
      },
      "DependsOn": "HttpApiIntegrationGetQuizById"
    },
    "CreateQuizLambdaPermissionHttpApi": {
      "Type": "AWS::Lambda::Permission",
      "Properties": {
        "FunctionName": {
          "Fn::GetAtt": [
            "CreateQuizLambdaFunction",
            "Arn"
          ]
        },
        "Action": "lambda:InvokeFunction",
        "Principal": "apigateway.amazonaws.com",
        "SourceArn": {
          "Fn::Join": [
            "",
            [
              "arn:",
              {
                "Ref": "AWS::Partition"
              },
              ":execute-api:",
              {
                "Ref": "AWS::Region"
              },
              ":",
              {
                "Ref": "AWS::AccountId"
              },
              ":",
              {
                "Ref": "HttpApi"
              },
              "/*"
            ]
          ]
        }
      }
    },
    "HttpApiIntegrationCreateQuiz": {
      "Type": "AWS::ApiGatewayV2::Integration",
      "Properties": {
        "ApiId": {
          "Ref": "HttpApi"
        },
        "IntegrationType": "AWS_PROXY",
        "IntegrationUri": {
          "Fn::GetAtt": [
            "CreateQuizLambdaFunction",
            "Arn"
          ]
        },
        "PayloadFormatVersion": "2.0",
        "TimeoutInMillis": 30000
      }
    },
    "HttpApiRoutePostQuizzes": {
      "Type": "AWS::ApiGatewayV2::Route",
      "Properties": {
        "ApiId": {
          "Ref": "HttpApi"
        },
        "RouteKey": "POST /quizzes",
        "Target": {
          "Fn::Join": [
            "/",
            [
              "integrations",
              {
                "Ref": "HttpApiIntegrationCreateQuiz"
              }
            ]
          ]
        }
      },
      "DependsOn": "HttpApiIntegrationCreateQuiz"
    },
    "DeleteQuizLambdaPermissionHttpApi": {
      "Type": "AWS::Lambda::Permission",
      "Properties": {
        "FunctionName": {
          "Fn::GetAtt": [
            "DeleteQuizLambdaFunction",
            "Arn"
          ]
        },
        "Action": "lambda:InvokeFunction",
        "Principal": "apigateway.amazonaws.com",
        "SourceArn": {
          "Fn::Join": [
            "",
            [
              "arn:",
              {
                "Ref": "AWS::Partition"
              },
              ":execute-api:",
              {
                "Ref": "AWS::Region"
              },
              ":",
              {
                "Ref": "AWS::AccountId"
              },
              ":",
              {
                "Ref": "HttpApi"
              },
              "/*"
            ]
          ]
        }
      }
    },
    "HttpApiIntegrationDeleteQuiz": {
      "Type": "AWS::ApiGatewayV2::Integration",
      "Properties": {
        "ApiId": {
          "Ref": "HttpApi"
        },
        "IntegrationType": "AWS_PROXY",
        "IntegrationUri": {
          "Fn::GetAtt": [
            "DeleteQuizLambdaFunction",
            "Arn"
          ]
        },
        "PayloadFormatVersion": "2.0",
        "TimeoutInMillis": 30000
      }
    },
    "HttpApiRouteDeleteQuizzesQuizidVar": {
      "Type": "AWS::ApiGatewayV2::Route",
      "Properties": {
        "ApiId": {
          "Ref": "HttpApi"
        },
        "RouteKey": "DELETE /quizzes/{quizId}",
        "Target": {
          "Fn::Join": [
            "/",
            [
              "integrations",
              {
                "Ref": "HttpApiIntegrationDeleteQuiz"
              }
            ]
          ]
        }
      },
      "DependsOn": "HttpApiIntegrationDeleteQuiz"
    },
    "AddQuestionLambdaPermissionHttpApi": {
      "Type": "AWS::Lambda::Permission",
      "Properties": {
        "FunctionName": {
          "Fn::GetAtt": [
            "AddQuestionLambdaFunction",
            "Arn"
          ]
        },
        "Action": "lambda:InvokeFunction",
        "Principal": "apigateway.amazonaws.com",
        "SourceArn": {
          "Fn::Join": [
            "",
            [
              "arn:",
              {
                "Ref": "AWS::Partition"
              },
              ":execute-api:",
              {
                "Ref": "AWS::Region"
              },
              ":",
              {
                "Ref": "AWS::AccountId"
              },
              ":",
              {
                "Ref": "HttpApi"
              },
              "/*"
            ]
          ]
        }
      }
    },
    "HttpApiIntegrationAddQuestion": {
      "Type": "AWS::ApiGatewayV2::Integration",
      "Properties": {
        "ApiId": {
          "Ref": "HttpApi"
        },
        "IntegrationType": "AWS_PROXY",
        "IntegrationUri": {
          "Fn::GetAtt": [
            "AddQuestionLambdaFunction",
            "Arn"
          ]
        },
        "PayloadFormatVersion": "2.0",
        "TimeoutInMillis": 30000
      }
    },
    "HttpApiRoutePostQuizzesQuizidVarQuestions": {
      "Type": "AWS::ApiGatewayV2::Route",
      "Properties": {
        "ApiId": {
          "Ref": "HttpApi"
        },
        "RouteKey": "POST /quizzes/{quizId}/questions",
        "Target": {
          "Fn::Join": [
            "/",
            [
              "integrations",
              {
                "Ref": "HttpApiIntegrationAddQuestion"
              }
            ]
          ]
        }
      },
      "DependsOn": "HttpApiIntegrationAddQuestion"
    },
    "SubmitScoreLambdaPermissionHttpApi": {
      "Type": "AWS::Lambda::Permission",
      "Properties": {
        "FunctionName": {
          "Fn::GetAtt": [
            "SubmitScoreLambdaFunction",
            "Arn"
          ]
        },
        "Action": "lambda:InvokeFunction",
        "Principal": "apigateway.amazonaws.com",
        "SourceArn": {
          "Fn::Join": [
            "",
            [
              "arn:",
              {
                "Ref": "AWS::Partition"
              },
              ":execute-api:",
              {
                "Ref": "AWS::Region"
              },
              ":",
              {
                "Ref": "AWS::AccountId"
              },
              ":",
              {
                "Ref": "HttpApi"
              },
              "/*"
            ]
          ]
        }
      }
    },
    "HttpApiIntegrationSubmitScore": {
      "Type": "AWS::ApiGatewayV2::Integration",
      "Properties": {
        "ApiId": {
          "Ref": "HttpApi"
        },
        "IntegrationType": "AWS_PROXY",
        "IntegrationUri": {
          "Fn::GetAtt": [
            "SubmitScoreLambdaFunction",
            "Arn"
          ]
        },
        "PayloadFormatVersion": "2.0",
        "TimeoutInMillis": 30000
      }
    },
    "HttpApiRoutePostQuizzesQuizidVarScores": {
      "Type": "AWS::ApiGatewayV2::Route",
      "Properties": {
        "ApiId": {
          "Ref": "HttpApi"
        },
        "RouteKey": "POST /quizzes/{quizId}/scores",
        "Target": {
          "Fn::Join": [
            "/",
            [
              "integrations",
              {
                "Ref": "HttpApiIntegrationSubmitScore"
              }
            ]
          ]
        }
      },
      "DependsOn": "HttpApiIntegrationSubmitScore"
    },
    "GetLeaderboardLambdaPermissionHttpApi": {
      "Type": "AWS::Lambda::Permission",
      "Properties": {
        "FunctionName": {
          "Fn::GetAtt": [
            "GetLeaderboardLambdaFunction",
            "Arn"
          ]
        },
        "Action": "lambda:InvokeFunction",
        "Principal": "apigateway.amazonaws.com",
        "SourceArn": {
          "Fn::Join": [
            "",
            [
              "arn:",
              {
                "Ref": "AWS::Partition"
              },
              ":execute-api:",
              {
                "Ref": "AWS::Region"
              },
              ":",
              {
                "Ref": "AWS::AccountId"
              },
              ":",
              {
                "Ref": "HttpApi"
              },
              "/*"
            ]
          ]
        }
      }
    },
    "HttpApiIntegrationGetLeaderboard": {
      "Type": "AWS::ApiGatewayV2::Integration",
      "Properties": {
        "ApiId": {
          "Ref": "HttpApi"
        },
        "IntegrationType": "AWS_PROXY",
        "IntegrationUri": {
          "Fn::GetAtt": [
            "GetLeaderboardLambdaFunction",
            "Arn"
          ]
        },
        "PayloadFormatVersion": "2.0",
        "TimeoutInMillis": 30000
      }
    },
    "HttpApiRouteGetQuizzesQuizidVarLeaderboard": {
      "Type": "AWS::ApiGatewayV2::Route",
      "Properties": {
        "ApiId": {
          "Ref": "HttpApi"
        },
        "RouteKey": "GET /quizzes/{quizId}/leaderboard",
        "Target": {
          "Fn::Join": [
            "/",
            [
              "integrations",
              {
                "Ref": "HttpApiIntegrationGetLeaderboard"
              }
            ]
          ]
        }
      },
      "DependsOn": "HttpApiIntegrationGetLeaderboard"
    },
    "QuiztopiaTable": {
      "Type": "AWS::DynamoDB::Table",
      "DeletionPolicy": "Retain",
      "UpdateReplacePolicy": "Retain",
      "Properties": {
        "TableName": "quiztopia-dev",
        "BillingMode": "PAY_PER_REQUEST",
        "AttributeDefinitions": [
          {
            "AttributeName": "pk",
            "AttributeType": "S"
          },
          {
            "AttributeName": "sk",
            "AttributeType": "S"
          },
          {
            "AttributeName": "GSI1PK",
            "AttributeType": "S"
          },
          {
            "AttributeName": "GSI1SK",
            "AttributeType": "S"
          }
        ],
        "KeySchema": [
          {
            "AttributeName": "pk",
            "KeyType": "HASH"
          },
          {
            "AttributeName": "sk",
            "KeyType": "RANGE"
          }
        ],
        "GlobalSecondaryIndexes": [
          {
            "IndexName": "GSI1",
            "KeySchema": [
              {
                "AttributeName": "GSI1PK",
                "KeyType": "HASH"
              },
              {
                "AttributeName": "GSI1SK",
                "KeyType": "RANGE"
              }
            ],
            "Projection": {
              "ProjectionType": "ALL"
            }
          }
        ]
      }
    }
  },
  "Outputs": {
    "ServerlessDeploymentBucketName": {
      "Value": "serverless-framework-deployments-eu-north-1-ced01ca5-9b3f",
      "Export": {
        "Name": "sls-quiztopia-api-dev-ServerlessDeploymentBucketName"
      }
    },
    "PingLambdaFunctionQualifiedArn": {
      "Description": "Current Lambda function version",
      "Value": {
        "Ref": "PingLambdaVersionkD8TDUe0Xy1jERDRVhFLu6Yk1MltBhmhtqB2LSVZJ0"
      },
      "Export": {
        "Name": "sls-quiztopia-api-dev-PingLambdaFunctionQualifiedArn"
      }
    },
    "GetQuizByIdLambdaFunctionQualifiedArn": {
      "Description": "Current Lambda function version",
      "Value": {
        "Ref": "GetQuizByIdLambdaVersionkzj60i9cRyfdeFiC7hVx9WqPKy4Jm65nCjba0gNsyU"
      },
      "Export": {
        "Name": "sls-quiztopia-api-dev-GetQuizByIdLambdaFunctionQualifiedArn"
      }
    },
    "GetQuizzesLambdaFunctionQualifiedArn": {
      "Description": "Current Lambda function version",
      "Value": {
        "Ref": "GetQuizzesLambdaVersiont2Uqg5FwjbTtoKvMpmRxUtSZBtEb5q4ERcTrcehOq4"
      },
      "Export": {
        "Name": "sls-quiztopia-api-dev-GetQuizzesLambdaFunctionQualifiedArn"
      }
    },
    "DeleteQuizLambdaFunctionQualifiedArn": {
      "Description": "Current Lambda function version",
      "Value": {
        "Ref": "DeleteQuizLambdaVersion5OmefAkGF5YJbnCPeRVmsdZAKlUxt9UEqIgu57DQoI"
      },
      "Export": {
        "Name": "sls-quiztopia-api-dev-DeleteQuizLambdaFunctionQualifiedArn"
      }
    },
    "GetLeaderboardLambdaFunctionQualifiedArn": {
      "Description": "Current Lambda function version",
      "Value": {
        "Ref": "GetLeaderboardLambdaVersionoSAziaXEZV0NSer5ihQH2k33OCCpRDBCsoEaagQ0c"
      },
      "Export": {
        "Name": "sls-quiztopia-api-dev-GetLeaderboardLambdaFunctionQualifiedArn"
      }
    },
    "AddQuestionLambdaFunctionQualifiedArn": {
      "Description": "Current Lambda function version",
      "Value": {
        "Ref": "AddQuestionLambdaVersionopRVVcrDQ6KwL6wukmYCTtthLpqrtZkgvFtphqIdQF8"
      },
      "Export": {
        "Name": "sls-quiztopia-api-dev-AddQuestionLambdaFunctionQualifiedArn"
      }
    },
    "CreateQuizLambdaFunctionQualifiedArn": {
      "Description": "Current Lambda function version",
      "Value": {
        "Ref": "CreateQuizLambdaVersioneddVoQvWwzQRrCHV1kXkgbV0h1YgR8mYQcz0YBr8"
      },
      "Export": {
        "Name": "sls-quiztopia-api-dev-CreateQuizLambdaFunctionQualifiedArn"
      }
    },
    "SubmitScoreLambdaFunctionQualifiedArn": {
      "Description": "Current Lambda function version",
      "Value": {
        "Ref": "SubmitScoreLambdaVersionUQkXMzKigeXpUOMzA3ajDOqieaYUTjBjQ9lv2e8a4Q"
      },
      "Export": {
        "Name": "sls-quiztopia-api-dev-SubmitScoreLambdaFunctionQualifiedArn"
      }
    },
    "AuthRegisterLambdaFunctionQualifiedArn": {
      "Description": "Current Lambda function version",
      "Value": {
        "Ref": "AuthRegisterLambdaVersionvEwQfO0OdDz0ti1bzeo3BTFYgZQ19m52CTB0c7ztCg"
      },
      "Export": {
        "Name": "sls-quiztopia-api-dev-AuthRegisterLambdaFunctionQualifiedArn"
      }
    },
    "AuthLoginLambdaFunctionQualifiedArn": {
      "Description": "Current Lambda function version",
      "Value": {
        "Ref": "AuthLoginLambdaVersionSoT6VFrRzOYCa4ZbZqjVkHd9KqzDH2XJiN7p4T5w"
      },
      "Export": {
        "Name": "sls-quiztopia-api-dev-AuthLoginLambdaFunctionQualifiedArn"
      }
    },
    "HttpApiId": {
      "Description": "Id of the HTTP API",
      "Value": {
        "Ref": "HttpApi"
      },
      "Export": {
        "Name": "sls-quiztopia-api-dev-HttpApiId"
      }
    },
    "HttpApiUrl": {
      "Description": "URL of the HTTP API",
      "Value": {
        "Fn::Join": [
          "",
          [
            "https://",
            {
              "Ref": "HttpApi"
            },
            ".execute-api.",
            {
              "Ref": "AWS::Region"
            },
            ".",
            {
              "Ref": "AWS::URLSuffix"
            }
          ]
        ]
      },
      "Export": {
        "Name": "sls-quiztopia-api-dev-HttpApiUrl"
      }
    }
  }
}